pool_name,website_domain,website_url,profile_url,directory_source,source_type,confidence,first_seen,last_seen,notes
0xPool,0xpool.me,https://0xpool.me/,https://minerstat.com/pools/0xpool,https://minerstat.com/pools,directory,candidate,2026-04-17,2026-04-17,Official website link extracted from minerstat mining pools directory profile.
2Miners,2miners.com,https://2miners.com/,https://minerstat.com/pools/2miners,https://minerstat.com/pools,directory,candidate,2026-04-17,2026-04-17,Official website link extracted from minerstat mining pools directory profile.
2miners.com,ae.2miners.com,https://ae.2miners.com/,https://miningpoolstats.stream/aeternity,https://miningpoolstats.stream/sitemap.xml,directory,candidate,2026-04-17,2026-04-17,Pool website URL extracted from MiningPoolStats data file for aeternity.
2miners.com,solo-ae.2miners.com,https://solo-ae.2miners.com/,https://miningpoolstats.stream/aeternity,https://miningpoolstats.stream/sitemap.xml,directory,candidate,2026-04-17,2026-04-17,Pool website URL extracted from MiningPoolStats data file for aeternity.
51pool,51pool.online,https://51pool.online/,https://minerstat.com/pools/51pool,https://minerstat.com/pools,directory,candidate,2026-04-17,2026-04-17,Official website link extracted from minerstat mining pools directory profile.
6Block,6block.com,https://6block.com/,https://minerstat.com/pools/6block,https://minerstat.com/pools,directory,candidate,2026-04-17,2026-04-17,Official website link extracted from minerstat mining pools directory profile.
AAPool,aapool.cn,https://aapool.cn/,https://minerstat.com/pools/aapool,https://minerstat.com/pools,directory,candidate,2026-04-17,2026-04-17,Official website link extracted from minerstat mining pools directory profile.
Abel Nakamoto,abel-nakamoto.xyz,https://abel-nakamoto.xyz/,https://miningpoolstats.stream/abelian,https://miningpoolstats.stream/sitemap.xml,directory,candidate,2026-04-17,2026-04-17,Pool website URL extracted from MiningPoolStats data file for abelian.
Abelpool,abelpool.io,https://abelpool.io/,https://miningpoolstats.stream/abelian,https://miningpoolstats.stream/sitemap.xml,directory,candidate,2026-04-17,2026-04-17,Pool website URL extracted from MiningPoolStats data file for abelian.
acc-pool,acc-pool.pw,https://acc-pool.pw/,https://minerstat.com/pools/acc-pool,https://minerstat.com/pools,directory,candidate,2026-04-17,2026-04-17,Official website link extracted from minerstat mining pools directory profile.
AceMining,acemining.co,https://acemining.co/,https://minerstat.com/pools/acemining,https://minerstat.com/pools,directory,candidate,2026-04-17,2026-04-17,Official website link extracted from minerstat mining pools directory profile.
Acepool,acepool.top,https://acepool.top/,https://minerstat.com/pools/acepoo,https://minerstat.com/pools,directory,candidate,2026-04-17,2026-04-17,Official website link extracted from minerstat mining pools directory profile.
Adon,adon.network,https://adon.network/,https://minerstat.com/pools/adon,https://minerstat.com/pools,directory,candidate,2026-04-17,2026-04-17,Official website link extracted from minerstat mining pools directory profile.
AikaPool,aikapool.com,https://aikapool.com/,https://minerstat.com/pools/aikapool; https://miningpoolstats.stream/aegisum; https://miningpoolstats.stream/alterdot; https://miningpoolstats.stream/animecoin,https://minerstat.com/pools,directory,candidate,2026-04-17,2026-04-17,Official website link extracted from minerstat mining pools directory profile.
Aion Pool,aionpool.tech,https://aionpool.tech/,https://minerstat.com/pools/aion-pool; https://miningpoolstats.stream/aion,https://minerstat.com/pools,directory,candidate,2026-04-17,2026-04-17,Official website link extracted from minerstat mining pools directory profile.
Aionmine,aionmine.org,https://aionmine.org/,https://minerstat.com/pools/aionmine,https://minerstat.com/pools,directory,candidate,2026-04-17,2026-04-17,Official website link extracted from minerstat mining pools directory profile.
Alephium pool,alephium-pool.com,https://alephium-pool.com/,https://minerstat.com/pools/alephium-pool,https://minerstat.com/pools,directory,candidate,2026-04-17,2026-04-17,Official website link extracted from minerstat mining pools directory profile.
All Coins Pool,allcoinspool.com,https://allcoinspool.com/,https://minerstat.com/pools/all-coins-pool,https://minerstat.com/pools,directory,candidate,2026-04-17,2026-04-17,Official website link extracted from minerstat mining pools directory profile.
Anomp,anomp.com,https://anomp.com/,https://minerstat.com/pools/anomp,https://minerstat.com/pools,directory,candidate,2026-04-17,2026-04-17,Official website link extracted from minerstat mining pools directory profile.
AntPool,antpool.com,https://antpool.com/,https://minerstat.com/pools/antpool; https://miningpoolstats.stream/alephium,https://minerstat.com/pools,directory,candidate,2026-04-17,2026-04-17,Official website link extracted from minerstat mining pools directory profile.
aquachain.xyz,pool9.aquachain.xyz,https://pool9.aquachain.xyz/,https://miningpoolstats.stream/aquachain,https://miningpoolstats.stream/sitemap.xml,directory,candidate,2026-04-17,2026-04-17,Pool website URL extracted from MiningPoolStats data file for aquachain.
AroPool,aropool.com,https://aropool.com/,https://minerstat.com/pools/aropool,https://minerstat.com/pools,directory,candidate,2026-04-17,2026-04-17,Official website link extracted from minerstat mining pools directory profile.
BaikalMine,baikalmine.com,https://baikalmine.com/,https://minerstat.com/pools/baikalmine,https://minerstat.com/pools,directory,candidate,2026-04-17,2026-04-17,Official website link extracted from minerstat mining pools directory profile.
Binance,pool.binance.com,https://pool.binance.com/,https://minerstat.com/pools/binance,https://minerstat.com/pools,directory,candidate,2026-04-17,2026-04-17,Official website link extracted from minerstat mining pools directory profile.
bliksempool,bliksempool.com,https://bliksempool.com/,https://minerstat.com/pools/bliksempool,https://minerstat.com/pools,directory,candidate,2026-04-17,2026-04-17,Official website link extracted from minerstat mining pools directory profile.
Blockhunts,blockhunts.com,https://blockhunts.com/,https://minerstat.com/pools/blockhunts,https://minerstat.com/pools,directory,candidate,2026-04-17,2026-04-17,Official website link extracted from minerstat mining pools directory profile.
Blocksmith,bsmith.io,https://bsmith.io/,https://minerstat.com/pools/blocksmith,https://minerstat.com/pools,directory,candidate,2026-04-17,2026-04-17,Official website link extracted from minerstat mining pools directory profile.
Blockware Pools,blockwarepool.com,https://blockwarepool.com/,https://minerstat.com/pools/blockware-pools,https://minerstat.com/pools,directory,candidate,2026-04-17,2026-04-17,Official website link extracted from minerstat mining pools directory profile.
Bluenose,bluenose.link,https://bluenose.link/,https://minerstat.com/pools/bluenose,https://minerstat.com/pools,directory,candidate,2026-04-17,2026-04-17,Official website link extracted from minerstat mining pools directory profile.
bmine.net,bmine.net,https://bmine.net/,https://miningpoolstats.stream/adventurecoin,https://miningpoolstats.stream/sitemap.xml,directory,candidate,2026-04-17,2026-04-17,Pool website URL extracted from MiningPoolStats data file for adventurecoin.
Bohemian Pool,bohemianpool.com,https://bohemianpool.com/,https://minerstat.com/pools/bohemian-pool,https://minerstat.com/pools,directory,candidate,2026-04-17,2026-04-17,Official website link extracted from minerstat mining pools directory profile.
BTC Pool,btc.com,https://btc.com/,https://minerstat.com/pools/btc-pool,https://minerstat.com/pools,directory,candidate,2026-04-17,2026-04-17,Official website link extracted from minerstat mining pools directory profile.
BTCMill,btcmill.cc,https://btcmill.cc/,https://minerstat.com/pools/btcmill,https://minerstat.com/pools,directory,candidate,2026-04-17,2026-04-17,Official website link extracted from minerstat mining pools directory profile.
BwiPool,bwipool.com,https://bwipool.com/,https://minerstat.com/pools/bwipool,https://minerstat.com/pools,directory,candidate,2026-04-17,2026-04-17,Official website link extracted from minerstat mining pools directory profile.
Bytecoin Pool,bytecoin-pool.org,https://bytecoin-pool.org/,https://minerstat.com/pools/bytecoin-pool,https://minerstat.com/pools,directory,candidate,2026-04-17,2026-04-17,Official website link extracted from minerstat mining pools directory profile.
c0banPool,c0banpool.com,https://c0banpool.com/,https://minerstat.com/pools/c0banpool,https://minerstat.com/pools,directory,candidate,2026-04-17,2026-04-17,Official website link extracted from minerstat mining pools directory profile.
c3pool,c3pool.com,https://c3pool.com/,https://minerstat.com/pools/c3pool,https://minerstat.com/pools,directory,candidate,2026-04-17,2026-04-17,Official website link extracted from minerstat mining pools directory profile.
C4 Pool,c4pool.org,https://c4pool.org/,https://minerstat.com/pools/c4-pool,https://minerstat.com/pools,directory,candidate,2026-04-17,2026-04-17,Official website link extracted from minerstat mining pools directory profile.
Cash2 Mining Pool,cash2pool.us,https://cash2pool.us/,https://minerstat.com/pools/cash2-mining-pool,https://minerstat.com/pools,directory,candidate,2026-04-17,2026-04-17,Official website link extracted from minerstat mining pools directory profile.
cedric-crispin.com,alephium.cedric-crispin.com,https://alephium.cedric-crispin.com/,https://miningpoolstats.stream/alephium,https://miningpoolstats.stream/sitemap.xml,directory,candidate,2026-04-17,2026-04-17,Pool website URL extracted from MiningPoolStats data file for alephium.
ChickenPool,chickenpool.com,https://chickenpool.com/,https://minerstat.com/pools/chickenpool,https://minerstat.com/pools,directory,candidate,2026-04-17,2026-04-17,Official website link extracted from minerstat mining pools directory profile.
Clona Network,clona.ru,https://clona.ru/,https://minerstat.com/pools/clona-network,https://minerstat.com/pools,directory,candidate,2026-04-17,2026-04-17,Official website link extracted from minerstat mining pools directory profile.
Cminor's Pool,cminors-pool.com,https://cminors-pool.com/,https://minerstat.com/pools/cminors-pool,https://minerstat.com/pools,directory,candidate,2026-04-17,2026-04-17,Official website link extracted from minerstat mining pools directory profile.
coin-miners.info,pool.coin-miners.info,https://pool.coin-miners.info/,https://miningpoolstats.stream/adventurecoin,https://miningpoolstats.stream/sitemap.xml,directory,candidate,2026-04-17,2026-04-17,Pool website URL extracted from MiningPoolStats data file for adventurecoin.
coin-pool,coin-pool.eu,https://coin-pool.eu/,https://minerstat.com/pools/coin-pool,https://minerstat.com/pools,directory,candidate,2026-04-17,2026-04-17,Official website link extracted from minerstat mining pools directory profile.
CoinMine,coinmine.pl,https://coinmine.pl/,https://minerstat.com/pools/coinmine,https://minerstat.com/pools,directory,candidate,2026-04-17,2026-04-17,Official website link extracted from minerstat mining pools directory profile.
CoinMinerz,coinminerz.com,https://coinminerz.com/,https://minerstat.com/pools/coinminerz,https://minerstat.com/pools,directory,candidate,2026-04-17,2026-04-17,Official website link extracted from minerstat mining pools directory profile.
Community Pool,communitypool.org,https://communitypool.org/,https://minerstat.com/pools/community-pool,https://minerstat.com/pools,directory,candidate,2026-04-17,2026-04-17,Official website link extracted from minerstat mining pools directory profile.
CoolMine,coolmine.top,https://coolmine.top/,https://minerstat.com/pools/coolmine,https://minerstat.com/pools,directory,candidate,2026-04-17,2026-04-17,Official website link extracted from minerstat mining pools directory profile.
CoolPool,coolpool.top,https://coolpool.top/,https://minerstat.com/pools/coolpool,https://minerstat.com/pools,directory,candidate,2026-04-17,2026-04-17,Official website link extracted from minerstat mining pools directory profile.
Cortex Pool,cortexmint.com,https://cortexmint.com/,https://minerstat.com/pools/cortex-pool,https://minerstat.com/pools,directory,candidate,2026-04-17,2026-04-17,Official website link extracted from minerstat mining pools directory profile.
cpu-pool.com,cpu-pool.com,http://cpu-pool.com/,https://miningpoolstats.stream/adventurecoin,https://miningpoolstats.stream/sitemap.xml,directory,candidate,2026-04-17,2026-04-17,Pool website URL extracted from MiningPoolStats data file for adventurecoin.
CrazyPool,crazypool.org,https://crazypool.org/,https://minerstat.com/pools/crazypool,https://minerstat.com/pools,directory,candidate,2026-04-17,2026-04-17,Official website link extracted from minerstat mining pools directory profile.
Cruxpool,cruxpool.com,https://cruxpool.com/,https://minerstat.com/pools/cruxpool,https://minerstat.com/pools,directory,candidate,2026-04-17,2026-04-17,Official website link extracted from minerstat mining pools directory profile.
Cruzbit,cruzb.it,https://cruzb.it/,https://minerstat.com/pools/cruzbit,https://minerstat.com/pools,directory,candidate,2026-04-17,2026-04-17,Official website link extracted from minerstat mining pools directory profile.
CryPit,crypit.net,https://crypit.net/,https://minerstat.com/pools/crypit,https://minerstat.com/pools,directory,candidate,2026-04-17,2026-04-17,Official website link extracted from minerstat mining pools directory profile.
Cryptonote Club,cryptonote.club,https://cryptonote.club/,https://minerstat.com/pools/cryptonote-club,https://minerstat.com/pools,directory,candidate,2026-04-17,2026-04-17,Official website link extracted from minerstat mining pools directory profile.
Cryptonote Social,cryptonote.social,https://cryptonote.social/,https://minerstat.com/pools/cryptonote-social,https://minerstat.com/pools,directory,candidate,2026-04-17,2026-04-17,Official website link extracted from minerstat mining pools directory profile.
CYBERPOOL,cyberpool.space,https://cyberpool.space/,https://minerstat.com/pools/cyberpool,https://minerstat.com/pools,directory,candidate,2026-04-17,2026-04-17,Official website link extracted from minerstat mining pools directory profile.
DAEPOOL,daepool.com,https://www.daepool.com/,https://minerstat.com/pools/daepool,https://minerstat.com/pools,directory,candidate,2026-04-17,2026-04-17,Official website link extracted from minerstat mining pools directory profile.
daPool,dapool.io,https://dapool.io/,https://minerstat.com/pools/dapool,https://minerstat.com/pools,directory,candidate,2026-04-17,2026-04-17,Official website link extracted from minerstat mining pools directory profile.
DarkFiberMines,neox.darkfibermines.com,https://neox.darkfibermines.com/,https://minerstat.com/pools/darkfibermines,https://minerstat.com/pools,directory,candidate,2026-04-17,2026-04-17,Official website link extracted from minerstat mining pools directory profile.
Deep Fields,deepfields.io,https://deepfields.io/,https://minerstat.com/pools/deep-fields,https://minerstat.com/pools,directory,candidate,2026-04-17,2026-04-17,Official website link extracted from minerstat mining pools directory profile.
dgb256,dgb256.online,https://dgb256.online/,https://minerstat.com/pools/dgb256,https://minerstat.com/pools,directory,candidate,2026-04-17,2026-04-17,Official website link extracted from minerstat mining pools directory profile.
DigiPools,digipools.org,https://digipools.org/,https://minerstat.com/pools/digipools,https://minerstat.com/pools,directory,candidate,2026-04-17,2026-04-17,Official website link extracted from minerstat mining pools directory profile.
Dogpool,dogpool.co,https://dogpool.co/,https://minerstat.com/pools/dogpool,https://minerstat.com/pools,directory,candidate,2026-04-17,2026-04-17,Official website link extracted from minerstat mining pools directory profile.
dogpool.work,dogpool.work,https://dogpool.work/,https://miningpoolstats.stream/aleo,https://miningpoolstats.stream/sitemap.xml,directory,candidate,2026-04-17,2026-04-17,Pool website URL extracted from MiningPoolStats data file for aleo.
Dpool,dpool.top,https://dpool.top/,https://minerstat.com/pools/dpool,https://minerstat.com/pools,directory,candidate,2026-04-17,2026-04-17,Official website link extracted from minerstat mining pools directory profile.
Dragon Pool,dragonpool.vip,https://dragonpool.vip/,https://minerstat.com/pools/dragon-pool,https://minerstat.com/pools,directory,candidate,2026-04-17,2026-04-17,Official website link extracted from minerstat mining pools directory profile.
DxPool,dxpool.com,https://dxpool.com/,https://minerstat.com/pools/dxpool; https://miningpoolstats.stream/aleo; https://miningpoolstats.stream/alephium,https://minerstat.com/pools,directory,candidate,2026-04-17,2026-04-17,Official website link extracted from minerstat mining pools directory profile.
Easyhash,easyhash.pro,https://easyhash.pro/,https://minerstat.com/pools/easyhash,https://minerstat.com/pools,directory,candidate,2026-04-17,2026-04-17,Official website link extracted from minerstat mining pools directory profile.
Ehpro,ehpro.ca,https://ehpro.ca/,https://minerstat.com/pools/ehpro,https://minerstat.com/pools,directory,candidate,2026-04-17,2026-04-17,Official website link extracted from minerstat mining pools directory profile.
EMCD,emcd.io,https://emcd.io/,https://minerstat.com/pools/emcd; https://miningpoolstats.stream/alephium,https://minerstat.com/pools,directory,candidate,2026-04-17,2026-04-17,Official website link extracted from minerstat mining pools directory profile.
Enigma Pool,enigmapool.com,https://enigmapool.com/,https://minerstat.com/pools/enigma-pool,https://minerstat.com/pools,directory,candidate,2026-04-17,2026-04-17,Official website link extracted from minerstat mining pools directory profile.
ens.today,esn.today,https://esn.today/,https://minerstat.com/pools/ens-today,https://minerstat.com/pools,directory,candidate,2026-04-17,2026-04-17,Official website link extracted from minerstat mining pools directory profile.
Epicmine,epicmine.org,https://epicmine.org/,https://minerstat.com/pools/epicmine,https://minerstat.com/pools,directory,candidate,2026-04-17,2026-04-17,Official website link extracted from minerstat mining pools directory profile.
ergominers,ergominers.com,https://www.ergominers.com/,https://minerstat.com/pools/ergominers,https://minerstat.com/pools,directory,candidate,2026-04-17,2026-04-17,Official website link extracted from minerstat mining pools directory profile.
Ethashpool,ethashpool.com,https://ethashpool.com/,https://minerstat.com/pools/ethashpool,https://minerstat.com/pools,directory,candidate,2026-04-17,2026-04-17,Official website link extracted from minerstat mining pools directory profile.
Ether Core,ethercore.io,https://ethercore.io/,https://minerstat.com/pools/ether-core,https://minerstat.com/pools,directory,candidate,2026-04-17,2026-04-17,Official website link extracted from minerstat mining pools directory profile.
Ethermine,ethermine.org,https://ethermine.org/,https://minerstat.com/pools/ethermine,https://minerstat.com/pools,directory,candidate,2026-04-17,2026-04-17,Official website link extracted from minerstat mining pools directory profile.
Expmine,expmine.pro,https://expmine.pro/,https://minerstat.com/pools/expmine,https://minerstat.com/pools,directory,candidate,2026-04-17,2026-04-17,Official website link extracted from minerstat mining pools directory profile.
F2Pool,f2pool.com,https://f2pool.com/,https://minerstat.com/pools/f2pool; https://miningpoolstats.stream/aleo; https://miningpoolstats.stream/alephium,https://minerstat.com/pools,directory,candidate,2026-04-17,2026-04-17,Official website link extracted from minerstat mining pools directory profile.
FairHash,fairhash.org,https://fairhash.org/,https://minerstat.com/pools/fairhash,https://minerstat.com/pools,directory,candidate,2026-04-17,2026-04-17,Official website link extracted from minerstat mining pools directory profile.
FastPool,fastpool.xyz,https://fastpool.xyz/,https://minerstat.com/pools/fastpool; https://miningpoolstats.stream/aeon,https://minerstat.com/pools,directory,candidate,2026-04-17,2026-04-17,Official website link extracted from minerstat mining pools directory profile.
Firepool,firepool.com,https://firepool.com/,https://minerstat.com/pools/firepool,https://minerstat.com/pools,directory,candidate,2026-04-17,2026-04-17,Official website link extracted from minerstat mining pools directory profile.
Flexpool,flexpool.io,https://flexpool.io/,https://minerstat.com/pools/flexpool,https://minerstat.com/pools,directory,candidate,2026-04-17,2026-04-17,Official website link extracted from minerstat mining pools directory profile.
Flockpool,flockpool.com,https://flockpool.com/,https://minerstat.com/pools/flockpool,https://minerstat.com/pools,directory,candidate,2026-04-17,2026-04-17,Official website link extracted from minerstat mining pools directory profile.
Flux Pools,fluxpools.net,https://fluxpools.net/,https://minerstat.com/pools/flux-pools,https://minerstat.com/pools,directory,candidate,2026-04-17,2026-04-17,Official website link extracted from minerstat mining pools directory profile.
FreshGarlic,freshgarlicblocks.net,https://freshgarlicblocks.net/,https://minerstat.com/pools/freshgarlic,https://minerstat.com/pools,directory,candidate,2026-04-17,2026-04-17,Official website link extracted from minerstat mining pools directory profile.
Frogpool,frogpool.ae,https://frogpool.ae/,https://minerstat.com/pools/frogpool,https://minerstat.com/pools,directory,candidate,2026-04-17,2026-04-17,Official website link extracted from minerstat mining pools directory profile.
GetBlok,getblok.io,https://www.getblok.io/,https://minerstat.com/pools/getblok,https://minerstat.com/pools,directory,candidate,2026-04-17,2026-04-17,Official website link extracted from minerstat mining pools directory profile.
GMP,gomine.pro,https://gomine.pro/,https://minerstat.com/pools/gmp,https://minerstat.com/pools,directory,candidate,2026-04-17,2026-04-17,Official website link extracted from minerstat mining pools directory profile.
GNTL Mining Pools,gntl.co.uk,https://gntl.co.uk/,https://minerstat.com/pools/gntl-mining-pools,https://minerstat.com/pools,directory,candidate,2026-04-17,2026-04-17,Official website link extracted from minerstat mining pools directory profile.
GoPool,gopool.cash,https://gopool.cash/,https://minerstat.com/pools/gopool,https://minerstat.com/pools,directory,candidate,2026-04-17,2026-04-17,Official website link extracted from minerstat mining pools directory profile.
GRFT Pool,grftpool.com,https://grftpool.com/,https://minerstat.com/pools/grft-pool,https://minerstat.com/pools,directory,candidate,2026-04-17,2026-04-17,Official website link extracted from minerstat mining pools directory profile.
GTeh Pool,gteh.org,https://gteh.org/,https://minerstat.com/pools/gteh-pool,https://minerstat.com/pools,directory,candidate,2026-04-17,2026-04-17,Official website link extracted from minerstat mining pools directory profile.
Hash Express,hash.express,https://hash.express/,https://minerstat.com/pools/hash-express,https://minerstat.com/pools,directory,candidate,2026-04-17,2026-04-17,Official website link extracted from minerstat mining pools directory profile.
hash-hut.net,hash-hut.net,https://hash-hut.net/,https://miningpoolstats.stream/aegisum,https://miningpoolstats.stream/sitemap.xml,directory,candidate,2026-04-17,2026-04-17,Pool website URL extracted from MiningPoolStats data file for aegisum.
Hashalot.net,hashalot.net,https://hashalot.net/,https://minerstat.com/pools/hashalot-net,https://minerstat.com/pools,directory,candidate,2026-04-17,2026-04-17,Official website link extracted from minerstat mining pools directory profile.
HashBlue,hash.blue,https://hash.blue/,https://minerstat.com/pools/hashblue,https://minerstat.com/pools,directory,candidate,2026-04-17,2026-04-17,Official website link extracted from minerstat mining pools directory profile.
HashCity,hashcity.org,https://hashcity.org/,https://minerstat.com/pools/hashcity,https://minerstat.com/pools,directory,candidate,2026-04-17,2026-04-17,Official website link extracted from minerstat mining pools directory profile.
HashPool,hashpool.com,https://hashpool.com/,https://minerstat.com/pools/hashpool,https://minerstat.com/pools,directory,candidate,2026-04-17,2026-04-17,Official website link extracted from minerstat mining pools directory profile.
Hashrent,hashrent.pro,https://hashrent.pro/,https://minerstat.com/pools/hashrent,https://minerstat.com/pools,directory,candidate,2026-04-17,2026-04-17,Official website link extracted from minerstat mining pools directory profile.
Hathor pool,hathor.acc-pool.pw,https://hathor.acc-pool.pw/,https://minerstat.com/pools/hathor-pool,https://minerstat.com/pools,directory,candidate,2026-04-17,2026-04-17,Official website link extracted from minerstat mining pools directory profile.
Hellominer,hellominer.com,https://hellominer.com/,https://minerstat.com/pools/hellominer,https://minerstat.com/pools,directory,candidate,2026-04-17,2026-04-17,Official website link extracted from minerstat mining pools directory profile.
HeroMiners,herominers.com,https://herominers.com/,https://minerstat.com/pools/herominers,https://minerstat.com/pools,directory,candidate,2026-04-17,2026-04-17,Official website link extracted from minerstat mining pools directory profile.
herominers.com,alephium.herominers.com,https://alephium.herominers.com/,https://miningpoolstats.stream/alephium,https://miningpoolstats.stream/sitemap.xml,directory,candidate,2026-04-17,2026-04-17,Pool website URL extracted from MiningPoolStats data file for alephium.
himpool.com,himpool.com,https://himpool.com/,https://miningpoolstats.stream/alephium,https://miningpoolstats.stream/sitemap.xml,directory,candidate,2026-04-17,2026-04-17,Pool website URL extracted from MiningPoolStats data file for alephium.
Hiveon,hiveon.net,https://hiveon.net/,https://minerstat.com/pools/hiveon,https://minerstat.com/pools,directory,candidate,2026-04-17,2026-04-17,Official website link extracted from minerstat mining pools directory profile.
HumPool,humpool.com,https://humpool.com/,https://minerstat.com/pools/humpool,https://minerstat.com/pools,directory,candidate,2026-04-17,2026-04-17,Official website link extracted from minerstat mining pools directory profile.
HyperDonkey,p2pool.hyperdonkey.com,https://p2pool.hyperdonkey.com/,https://minerstat.com/pools/hyperdonkey,https://minerstat.com/pools,directory,candidate,2026-04-17,2026-04-17,Official website link extracted from minerstat mining pools directory profile.
icemining,icemining.ca,https://icemining.ca/,https://minerstat.com/pools/icemining,https://minerstat.com/pools,directory,candidate,2026-04-17,2026-04-17,Official website link extracted from minerstat mining pools directory profile.
icminers.com,icminers.com,https://icminers.com/,https://miningpoolstats.stream/alephium,https://miningpoolstats.stream/sitemap.xml,directory,candidate,2026-04-17,2026-04-17,Pool website URL extracted from MiningPoolStats data file for alephium.
JJpool,jjpool.eu,https://jjpool.eu/,https://minerstat.com/pools/jjpool,https://minerstat.com/pools,directory,candidate,2026-04-17,2026-04-17,Official website link extracted from minerstat mining pools directory profile.
jjpool.fr,jjpool.fr,https://jjpool.fr/,https://miningpoolstats.stream/alephium,https://miningpoolstats.stream/sitemap.xml,directory,candidate,2026-04-17,2026-04-17,Pool website URL extracted from MiningPoolStats data file for alephium.
Just4miners,just4miners.com,https://just4miners.com/,https://minerstat.com/pools/just4miners,https://minerstat.com/pools,directory,candidate,2026-04-17,2026-04-17,Official website link extracted from minerstat mining pools directory profile.
K1 Pool,k1pool.com,https://k1pool.com/,https://minerstat.com/pools/k1-pool; https://miningpoolstats.stream/alephium,https://minerstat.com/pools,directory,candidate,2026-04-17,2026-04-17,Official website link extracted from minerstat mining pools directory profile.
KanoPool,kano.is,https://kano.is/,https://minerstat.com/pools/kanopool,https://minerstat.com/pools,directory,candidate,2026-04-17,2026-04-17,Official website link extracted from minerstat mining pools directory profile.
klingex.io,klingex.io,https://klingex.io/,https://miningpoolstats.stream/adventurecoin,https://miningpoolstats.stream/sitemap.xml,directory,candidate,2026-04-17,2026-04-17,Pool website URL extracted from MiningPoolStats data file for adventurecoin.
Kryptex,pool.kryptex.com,https://pool.kryptex.com/,https://minerstat.com/pools/kryptex; https://miningpoolstats.stream/alephium,https://minerstat.com/pools,directory,candidate,2026-04-17,2026-04-17,Official website link extracted from minerstat mining pools directory profile.
KuCoin Pool,kucoin.com,https://www.kucoin.com/,https://minerstat.com/pools/kucoin-pool,https://minerstat.com/pools,directory,candidate,2026-04-17,2026-04-17,Official website link extracted from minerstat mining pools directory profile.
L5k,l5k.co.uk,https://l5k.co.uk/,https://minerstat.com/pools/l5k,https://minerstat.com/pools,directory,candidate,2026-04-17,2026-04-17,Official website link extracted from minerstat mining pools directory profile.
Leaf Pool,leafpool.com,https://leafpool.com/,https://minerstat.com/pools/leaf-pool,https://minerstat.com/pools,directory,candidate,2026-04-17,2026-04-17,Official website link extracted from minerstat mining pools directory profile.
Let's Hash,letshash.it,https://letshash.it/,https://minerstat.com/pools/lets-hash,https://minerstat.com/pools,directory,candidate,2026-04-17,2026-04-17,Official website link extracted from minerstat mining pools directory profile.
litecoinpool,litecoinpool.org,https://litecoinpool.org/,https://minerstat.com/pools/litecoinpool,https://minerstat.com/pools,directory,candidate,2026-04-17,2026-04-17,Official website link extracted from minerstat mining pools directory profile.
Luckpool,luckpool.net,https://luckpool.net/,https://minerstat.com/pools/luckpool,https://minerstat.com/pools,directory,candidate,2026-04-17,2026-04-17,Official website link extracted from minerstat mining pools directory profile.
luckydogpool.com,luckydogpool.com,https://luckydogpool.com/,https://miningpoolstats.stream/5gcash,https://miningpoolstats.stream/sitemap.xml,directory,candidate,2026-04-17,2026-04-17,Pool website URL extracted from MiningPoolStats data file for 5gcash.
LuckyPool,luckypool.io,https://luckypool.io/,https://minerstat.com/pools/luckypool,https://minerstat.com/pools,directory,candidate,2026-04-17,2026-04-17,Official website link extracted from minerstat mining pools directory profile.
Luxor,luxor.tech,https://luxor.tech/,https://minerstat.com/pools/luxor,https://minerstat.com/pools,directory,candidate,2026-04-17,2026-04-17,Official website link extracted from minerstat mining pools directory profile.
m2pool.com,m2pool.com,https://m2pool.com/,https://miningpoolstats.stream/alephium,https://miningpoolstats.stream/sitemap.xml,directory,candidate,2026-04-17,2026-04-17,Pool website URL extracted from MiningPoolStats data file for alephium.
MaxHash,maxhash.org,https://maxhash.org/,https://minerstat.com/pools/maxhash,https://minerstat.com/pools,directory,candidate,2026-04-17,2026-04-17,Official website link extracted from minerstat mining pools directory profile.
Maxpool,maxpool.org,https://maxpool.org/,https://miningpoolstats.stream/abelian,https://miningpoolstats.stream/sitemap.xml,directory,candidate,2026-04-17,2026-04-17,Pool website URL extracted from MiningPoolStats data file for abelian.
Mike.rs,mike.rs,https://mike.rs/,https://minerstat.com/pools/mike-rs; https://miningpoolstats.stream/0xbitcoin,https://minerstat.com/pools,directory,candidate,2026-04-17,2026-04-17,Official website link extracted from minerstat mining pools directory profile.
Minafacil,pool.minafacil.com,https://pool.minafacil.com/,https://minerstat.com/pools/minafacil,https://minerstat.com/pools,directory,candidate,2026-04-17,2026-04-17,Official website link extracted from minerstat mining pools directory profile.
Mine2Gether,mine2gether.com,https://mine2gether.com/,https://minerstat.com/pools/mine2gether,https://minerstat.com/pools,directory,candidate,2026-04-17,2026-04-17,Official website link extracted from minerstat mining pools directory profile.
MineBarn,minebarn.com,https://minebarn.com/,https://minerstat.com/pools/minebarn,https://minerstat.com/pools,directory,candidate,2026-04-17,2026-04-17,Official website link extracted from minerstat mining pools directory profile.
Miner Rocks,miner.rocks,https://miner.rocks/,https://minerstat.com/pools/miner-rocks,https://minerstat.com/pools,directory,candidate,2026-04-17,2026-04-17,Official website link extracted from minerstat mining pools directory profile.
Minerall,minerall.io,https://minerall.io/,https://minerstat.com/pools/minerall,https://minerstat.com/pools,directory,candidate,2026-04-17,2026-04-17,Official website link extracted from minerstat mining pools directory profile.
minerlab.io,aleo-pool.minerlab.io,https://aleo-pool.minerlab.io/,https://miningpoolstats.stream/aleo,https://miningpoolstats.stream/sitemap.xml,directory,candidate,2026-04-17,2026-04-17,Pool website URL extracted from MiningPoolStats data file for aleo.
MinerMore,minermore.com,https://minermore.com/,https://minerstat.com/pools/minermore,https://minerstat.com/pools,directory,candidate,2026-04-17,2026-04-17,Official website link extracted from minerstat mining pools directory profile.
Minernode,minerno.de,https://minerno.de/,https://minerstat.com/pools/minernode,https://minerstat.com/pools,directory,candidate,2026-04-17,2026-04-17,Official website link extracted from minerstat mining pools directory profile.
MinerPool,minerpool.org,https://minerpool.org/,https://minerstat.com/pools/minerpool,https://minerstat.com/pools,directory,candidate,2026-04-17,2026-04-17,Official website link extracted from minerstat mining pools directory profile.
MineXMR,minexmr.com,https://minexmr.com/,https://minerstat.com/pools/minexmr,https://minerstat.com/pools,directory,candidate,2026-04-17,2026-04-17,Official website link extracted from minerstat mining pools directory profile.
Mining Fool,miningfool.com,https://miningfool.com/,https://minerstat.com/pools/mining-fool,https://minerstat.com/pools,directory,candidate,2026-04-17,2026-04-17,Official website link extracted from minerstat mining pools directory profile.
Mining France,miningfrance.io,https://miningfrance.io/,https://minerstat.com/pools/mining-france,https://minerstat.com/pools,directory,candidate,2026-04-17,2026-04-17,Official website link extracted from minerstat mining pools directory profile.
Mining Ocean,miningocean.org,https://miningocean.org/,https://minerstat.com/pools/mining-ocean,https://minerstat.com/pools,directory,candidate,2026-04-17,2026-04-17,Official website link extracted from minerstat mining pools directory profile.
Mining Pool Hub,miningpoolhub.com,https://miningpoolhub.com/,https://minerstat.com/pools/mining-pool-hub,https://minerstat.com/pools,directory,candidate,2026-04-17,2026-04-17,Official website link extracted from minerstat mining pools directory profile.
Mining-Dutch,mining-dutch.nl,https://www.mining-dutch.nl/,https://minerstat.com/pools/mining-dutch; https://miningpoolstats.stream/aeon,https://minerstat.com/pools,directory,candidate,2026-04-17,2026-04-17,Official website link extracted from minerstat mining pools directory profile.
mining4people,mining4people.com,https://mining4people.com/,https://minerstat.com/pools/mining4people; https://miningpoolstats.stream/aegisum,https://minerstat.com/pools,directory,candidate,2026-04-17,2026-04-17,Official website link extracted from minerstat mining pools directory profile.
Miningcore Pro,miningcore.pro,https://miningcore.pro/,https://minerstat.com/pools/miningcore-pro,https://minerstat.com/pools,directory,candidate,2026-04-17,2026-04-17,Official website link extracted from minerstat mining pools directory profile.
miningocean.org,aipg.miningocean.org,https://aipg.miningocean.org/,https://miningpoolstats.stream/aipowergrid,https://miningpoolstats.stream/sitemap.xml,directory,candidate,2026-04-17,2026-04-17,Pool website URL extracted from MiningPoolStats data file for aipowergrid.
Miningpoolfun,miningpool.fun,https://miningpool.fun/,https://minerstat.com/pools/miningpoolfun,https://minerstat.com/pools,directory,candidate,2026-04-17,2026-04-17,Official website link extracted from minerstat mining pools directory profile.
MintPond,mintpond.com,https://mintpond.com/,https://minerstat.com/pools/mintpond,https://minerstat.com/pools,directory,candidate,2026-04-17,2026-04-17,Official website link extracted from minerstat mining pools directory profile.
Mmpool,mmpool.org,https://mmpool.org/,https://minerstat.com/pools/mmpool,https://minerstat.com/pools,directory,candidate,2026-04-17,2026-04-17,Official website link extracted from minerstat mining pools directory profile.
Mnshare,mnshare.info,https://mnshare.info/,https://minerstat.com/pools/mnshare,https://minerstat.com/pools,directory,candidate,2026-04-17,2026-04-17,Official website link extracted from minerstat mining pools directory profile.
Mofumofu,mofumofu.me,https://mofumofu.me/,https://minerstat.com/pools/mofumofu,https://minerstat.com/pools,directory,candidate,2026-04-17,2026-04-17,Official website link extracted from minerstat mining pools directory profile.
Molepool,molepool.com,https://molepool.com/,https://minerstat.com/pools/molepool,https://minerstat.com/pools,directory,candidate,2026-04-17,2026-04-17,Official website link extracted from minerstat mining pools directory profile.
MoneroHash,monerohash.com,https://monerohash.com/,https://minerstat.com/pools/monerohash,https://minerstat.com/pools,directory,candidate,2026-04-17,2026-04-17,Official website link extracted from minerstat mining pools directory profile.
monminepool.org,monminepool.org,https://monminepool.org/,https://miningpoolstats.stream/actinium,https://miningpoolstats.stream/sitemap.xml,directory,candidate,2026-04-17,2026-04-17,Pool website URL extracted from MiningPoolStats data file for actinium.
MPool,mpool.live,https://mpool.live/,https://minerstat.com/pools/mpool,https://minerstat.com/pools,directory,candidate,2026-04-17,2026-04-17,Official website link extracted from minerstat mining pools directory profile.
Mvis,mvis.ca,https://mvis.ca/,https://miningpoolstats.stream/0xbitcoin,https://miningpoolstats.stream/sitemap.xml,directory,candidate,2026-04-17,2026-04-17,Pool website URL extracted from MiningPoolStats data file for 0xbitcoin.
Myminers,myminers.org,https://myminers.org/,https://minerstat.com/pools/myminers,https://minerstat.com/pools,directory,candidate,2026-04-17,2026-04-17,Official website link extracted from minerstat mining pools directory profile.
MyMiningPool,myminingpool.uk,https://myminingpool.uk/,https://minerstat.com/pools/myminingpool,https://minerstat.com/pools,directory,candidate,2026-04-17,2026-04-17,Official website link extracted from minerstat mining pools directory profile.
Nanopool,nanopool.org,https://nanopool.org/,https://minerstat.com/pools/nanopool,https://minerstat.com/pools,directory,candidate,2026-04-17,2026-04-17,Official website link extracted from minerstat mining pools directory profile.
Newpool,newpool.pw,https://newpool.pw/,https://minerstat.com/pools/newpool,https://minerstat.com/pools,directory,candidate,2026-04-17,2026-04-17,Official website link extracted from minerstat mining pools directory profile.
NinjaNode,ninjanode.net,https://ninjanode.net/,https://minerstat.com/pools/ninjanode,https://minerstat.com/pools,directory,candidate,2026-04-17,2026-04-17,Official website link extracted from minerstat mining pools directory profile.
NovaBlock,novablock.com,https://novablock.com/,https://minerstat.com/pools/novablock,https://minerstat.com/pools,directory,candidate,2026-04-17,2026-04-17,Official website link extracted from minerstat mining pools directory profile.
ntminerpool.com,ntminerpool.com,https://ntminerpool.com/,https://miningpoolstats.stream/aipowergrid; https://miningpoolstats.stream/aleo; https://miningpoolstats.stream/alephium,https://miningpoolstats.stream/sitemap.xml,directory,candidate,2026-04-17,2026-04-17,Pool website URL extracted from MiningPoolStats data file for aipowergrid.
Ontopool,ontopool.com,https://ontopool.com/,https://minerstat.com/pools/ontopool,https://minerstat.com/pools,directory,candidate,2026-04-17,2026-04-17,Official website link extracted from minerstat mining pools directory profile.
P2PoolMining,p2poolmining.us,https://p2poolmining.us/,https://minerstat.com/pools/p2poolmining,https://minerstat.com/pools,directory,candidate,2026-04-17,2026-04-17,Official website link extracted from minerstat mining pools directory profile.
Pearpool,pearpool.com,https://pearpool.com/,https://minerstat.com/pools/pearpool,https://minerstat.com/pools,directory,candidate,2026-04-17,2026-04-17,Official website link extracted from minerstat mining pools directory profile.
PEGA Pool,pega-pool.com,https://www.pega-pool.com/,https://minerstat.com/pools/pega-pool,https://minerstat.com/pools,directory,candidate,2026-04-17,2026-04-17,Official website link extracted from minerstat mining pools directory profile.
PhoenixMax,phoenixmax.org,https://phoenixmax.org/,https://minerstat.com/pools/phoenixmax,https://minerstat.com/pools,directory,candidate,2026-04-17,2026-04-17,Official website link extracted from minerstat mining pools directory profile.
Piratepool,piratepool.io,https://piratepool.io/,https://minerstat.com/pools/piratepool,https://minerstat.com/pools,directory,candidate,2026-04-17,2026-04-17,Official website link extracted from minerstat mining pools directory profile.
Pokemongomongo,pokemongomongo.tk,https://pokemongomongo.tk/,https://minerstat.com/pools/pokemongomongo,https://minerstat.com/pools,directory,candidate,2026-04-17,2026-04-17,Official website link extracted from minerstat mining pools directory profile.
Pool Gold,pool.gold,https://pool.gold/,https://minerstat.com/pools/pool-gold,https://minerstat.com/pools,directory,candidate,2026-04-17,2026-04-17,Official website link extracted from minerstat mining pools directory profile.
Pool-Pay,pool-pay.com,https://pool-pay.com/,https://minerstat.com/pools/pool-pay,https://minerstat.com/pools,directory,candidate,2026-04-17,2026-04-17,Official website link extracted from minerstat mining pools directory profile.
pool.animeco.in,pool.animeco.in,https://pool.animeco.in/,https://miningpoolstats.stream/animecoin,https://miningpoolstats.stream/sitemap.xml,directory,candidate,2026-04-17,2026-04-17,Pool website URL extracted from MiningPoolStats data file for animecoin.
pool.express,pool.express,https://pool.express/,https://minerstat.com/pools/pool-express,https://minerstat.com/pools,directory,candidate,2026-04-17,2026-04-17,Official website link extracted from minerstat mining pools directory profile.
Pool4ever,pool4ever.com,https://pool4ever.com/,https://minerstat.com/pools/pool4ever,https://minerstat.com/pools,directory,candidate,2026-04-17,2026-04-17,Official website link extracted from minerstat mining pools directory profile.
Poolflare,poolflare.com,https://poolflare.com/,https://minerstat.com/pools/poolflare,https://minerstat.com/pools,directory,candidate,2026-04-17,2026-04-17,Official website link extracted from minerstat mining pools directory profile.
Poolin,poolin.com,https://poolin.com/,https://minerstat.com/pools/poolin,https://minerstat.com/pools,directory,candidate,2026-04-17,2026-04-17,Official website link extracted from minerstat mining pools directory profile.
PopaBlock,popablock.com,https://popablock.com/,https://minerstat.com/pools/popablock,https://minerstat.com/pools,directory,candidate,2026-04-17,2026-04-17,Official website link extracted from minerstat mining pools directory profile.
PowerPool,powerpool.io,https://powerpool.io/,https://minerstat.com/pools/powerpool,https://minerstat.com/pools,directory,candidate,2026-04-17,2026-04-17,Official website link extracted from minerstat mining pools directory profile.
Prohashing,prohashing.com,https://prohashing.com/,https://minerstat.com/pools/prohashing,https://minerstat.com/pools,directory,candidate,2026-04-17,2026-04-17,Official website link extracted from minerstat mining pools directory profile.
ProsperPool,prosperpool.io,https://prosperpool.io/,https://minerstat.com/pools/prosperpool,https://minerstat.com/pools,directory,candidate,2026-04-17,2026-04-17,Official website link extracted from minerstat mining pools directory profile.
PukkaPool,pukkapool.com,https://www.pukkapool.com/,https://minerstat.com/pools/pukkapool,https://minerstat.com/pools,directory,candidate,2026-04-17,2026-04-17,Official website link extracted from minerstat mining pools directory profile.
Raptoreum zone,raptoreum.zone,https://raptoreum.zone/,https://minerstat.com/pools/raptoreum-zone,https://minerstat.com/pools,directory,candidate,2026-04-17,2026-04-17,Official website link extracted from minerstat mining pools directory profile.
Ravenmine,ravenmine.one,https://ravenmine.one/,https://minerstat.com/pools/ravenmine,https://minerstat.com/pools,directory,candidate,2026-04-17,2026-04-17,Official website link extracted from minerstat mining pools directory profile.
Rawpool,rawpool.com,https://rawpool.com/,https://minerstat.com/pools/rawpool,https://minerstat.com/pools,directory,candidate,2026-04-17,2026-04-17,Official website link extracted from minerstat mining pools directory profile.
rplant.xyz,pool.rplant.xyz,https://pool.rplant.xyz/,https://minerstat.com/pools/rplant-xyz; https://miningpoolstats.stream/adventurecoin,https://minerstat.com/pools,directory,candidate,2026-04-17,2026-04-17,Official website link extracted from minerstat mining pools directory profile.
Rupool.pro,rupool.org,https://rupool.org/,https://minerstat.com/pools/rupool,https://minerstat.com/pools,directory,candidate,2026-04-17,2026-04-17,Official website link extracted from minerstat mining pools directory profile.
RYO Pool,ryopool.eu,https://ryopool.eu/,https://minerstat.com/pools/ryo-pool,https://minerstat.com/pools,directory,candidate,2026-04-17,2026-04-17,Official website link extracted from minerstat mining pools directory profile.
Semipool,semipool.com,https://semipool.com/,https://minerstat.com/pools/semipool,https://minerstat.com/pools,directory,candidate,2026-04-17,2026-04-17,Official website link extracted from minerstat mining pools directory profile.
setenforce.ca,setenforce.ca,https://setenforce.ca/,https://miningpoolstats.stream/5gcash,https://miningpoolstats.stream/sitemap.xml,directory,candidate,2026-04-17,2026-04-17,Pool website URL extracted from MiningPoolStats data file for 5gcash.
Siamining,siamining.com,https://siamining.com/,https://minerstat.com/pools/siamining,https://minerstat.com/pools,directory,candidate,2026-04-17,2026-04-17,Official website link extracted from minerstat mining pools directory profile.
Sigmanauts Pool,sigmanauts.com,https://sigmanauts.com/,https://minerstat.com/pools/sigmanauts-pool,https://minerstat.com/pools,directory,candidate,2026-04-17,2026-04-17,Official website link extracted from minerstat mining pools directory profile.
Sigmapool,sigmapool.com,https://sigmapool.com/,https://minerstat.com/pools/sigmapool,https://minerstat.com/pools,directory,candidate,2026-04-17,2026-04-17,Official website link extracted from minerstat mining pools directory profile.
Skypool.org,skypool.co,https://skypool.co/,https://minerstat.com/pools/skypool,https://minerstat.com/pools,directory,candidate,2026-04-17,2026-04-17,Official website link extracted from minerstat mining pools directory profile.
Slush Pool,slushpool.com,https://slushpool.com/,https://minerstat.com/pools/slush-pool,https://minerstat.com/pools,directory,candidate,2026-04-17,2026-04-17,Official website link extracted from minerstat mining pools directory profile.
Snowflake Pool,pool.snowflake-net.com,http://pool.snowflake-net.com/,https://minerstat.com/pools/snowflake-pool,https://minerstat.com/pools,directory,candidate,2026-04-17,2026-04-17,Official website link extracted from minerstat mining pools directory profile.
Solopool,solopool.org,https://solopool.org/,https://minerstat.com/pools/solopool,https://minerstat.com/pools,directory,candidate,2026-04-17,2026-04-17,Official website link extracted from minerstat mining pools directory profile.
SpaceWorks,spaceworks.co,https://spaceworks.co/,https://minerstat.com/pools/spaceworks,https://minerstat.com/pools,directory,candidate,2026-04-17,2026-04-17,Official website link extracted from minerstat mining pools directory profile.
Spiderpool,spiderpool.com,https://spiderpool.com/,https://minerstat.com/pools/spiderpool,https://minerstat.com/pools,directory,candidate,2026-04-17,2026-04-17,Official website link extracted from minerstat mining pools directory profile.
Sumcoin Mining Pool,sumcoinpool.org,https://sumcoinpool.org/,https://minerstat.com/pools/sumcoin-mining-pool,https://minerstat.com/pools,directory,candidate,2026-04-17,2026-04-17,Official website link extracted from minerstat mining pools directory profile.
Sunpool,sunpool.top,https://sunpool.top/,https://minerstat.com/pools/sunpool,https://minerstat.com/pools,directory,candidate,2026-04-17,2026-04-17,Official website link extracted from minerstat mining pools directory profile.
SupportXMR,supportxmr.com,https://supportxmr.com/,https://minerstat.com/pools/supportxmr,https://minerstat.com/pools,directory,candidate,2026-04-17,2026-04-17,Official website link extracted from minerstat mining pools directory profile.
Suprnova,suprnova.cc,https://suprnova.cc/,https://minerstat.com/pools/suprnova,https://minerstat.com/pools,directory,candidate,2026-04-17,2026-04-17,Official website link extracted from minerstat mining pools directory profile.
SVPool,svpool.com,https://svpool.com/,https://minerstat.com/pools/svpool,https://minerstat.com/pools,directory,candidate,2026-04-17,2026-04-17,Official website link extracted from minerstat mining pools directory profile.
Talleo,talleo.org,https://talleo.org/,https://minerstat.com/pools/talleo,https://minerstat.com/pools,directory,candidate,2026-04-17,2026-04-17,Official website link extracted from minerstat mining pools directory profile.
tazmining.ch,tazmining.ch,https://tazmining.ch/,https://miningpoolstats.stream/alephium,https://miningpoolstats.stream/sitemap.xml,directory,candidate,2026-04-17,2026-04-17,Pool website URL extracted from MiningPoolStats data file for alephium.
TG Pool,rtm.timyg.org,http://rtm.timyg.org/,https://minerstat.com/pools/tg-pool,https://minerstat.com/pools,directory,candidate,2026-04-17,2026-04-17,Official website link extracted from minerstat mining pools directory profile.
The Miners Haven,theminershaven.net,https://theminershaven.net/,https://minerstat.com/pools/the-miners-haven,https://minerstat.com/pools,directory,candidate,2026-04-17,2026-04-17,Official website link extracted from minerstat mining pools directory profile.
ThunderHash,thunderhash.com,https://thunderhash.com/,https://minerstat.com/pools/thunderhash,https://minerstat.com/pools,directory,candidate,2026-04-17,2026-04-17,Official website link extracted from minerstat mining pools directory profile.
Token Mining Pool,tokenminingpool.com,https://tokenminingpool.com/,https://minerstat.com/pools/token-mining-pool; https://miningpoolstats.stream/0xbitcoin,https://minerstat.com/pools,directory,candidate,2026-04-17,2026-04-17,Official website link extracted from minerstat mining pools directory profile.
TON Coin Pool,toncoinpool.io,https://toncoinpool.io/,https://minerstat.com/pools/ton-coin-pool,https://minerstat.com/pools,directory,candidate,2026-04-17,2026-04-17,Official website link extracted from minerstat mining pools directory profile.
TON Pool,ton-pool.com,https://ton-pool.com/,https://minerstat.com/pools/ton-pool,https://minerstat.com/pools,directory,candidate,2026-04-17,2026-04-17,Official website link extracted from minerstat mining pools directory profile.
Ton Whales,tonwhales.com,https://tonwhales.com/,https://minerstat.com/pools/ton-whales,https://minerstat.com/pools,directory,candidate,2026-04-17,2026-04-17,Official website link extracted from minerstat mining pools directory profile.
Trustpool,trustpool.ru,https://trustpool.ru/,https://minerstat.com/pools/trustpool,https://minerstat.com/pools,directory,candidate,2026-04-17,2026-04-17,Official website link extracted from minerstat mining pools directory profile.
TSF Mining Pool,tsfpool.xyz,https://tsfpool.xyz/,https://minerstat.com/pools/tsf-mining-pool,https://minerstat.com/pools,directory,candidate,2026-04-17,2026-04-17,Official website link extracted from minerstat mining pools directory profile.
Turtle Turtle Club,turtleturtle.club,https://turtleturtle.club/,https://minerstat.com/pools/turtle-turtle-club,https://minerstat.com/pools,directory,candidate,2026-04-17,2026-04-17,Official website link extracted from minerstat mining pools directory profile.
tw-pool.com,tw-pool.com,https://tw-pool.com/,https://miningpoolstats.stream/alephium,https://miningpoolstats.stream/sitemap.xml,directory,candidate,2026-04-17,2026-04-17,Pool website URL extracted from MiningPoolStats data file for alephium.
ubiqpool,ubiqpool.io,https://ubiqpool.io/,https://minerstat.com/pools/ubiqpool,https://minerstat.com/pools,directory,candidate,2026-04-17,2026-04-17,Official website link extracted from minerstat mining pools directory profile.
Ukrainepool,ukrainepool.org,https://ukrainepool.org/,https://minerstat.com/pools/ukrainepool,https://minerstat.com/pools,directory,candidate,2026-04-17,2026-04-17,Official website link extracted from minerstat mining pools directory profile.
Ukrpool,ukrpool.com,https://ukrpool.com/,https://minerstat.com/pools/ukrpool,https://minerstat.com/pools,directory,candidate,2026-04-17,2026-04-17,Official website link extracted from minerstat mining pools directory profile.
Unicorn Pool,666pool.com,https://666pool.com/,https://minerstat.com/pools/unicorn-pool,https://minerstat.com/pools,directory,candidate,2026-04-17,2026-04-17,Official website link extracted from minerstat mining pools directory profile.
unipluscloud.co.kr,unipluscloud.co.kr,https://unipluscloud.co.kr/,https://miningpoolstats.stream/aleo,https://miningpoolstats.stream/sitemap.xml,directory,candidate,2026-04-17,2026-04-17,Pool website URL extracted from MiningPoolStats data file for aleo.
uPlexa Pool,uplexa.online,https://uplexa.online/,https://minerstat.com/pools/uplexa-pool,https://minerstat.com/pools,directory,candidate,2026-04-17,2026-04-17,Official website link extracted from minerstat mining pools directory profile.
Upool,upool.in,https://upool.in/,https://minerstat.com/pools/upool,https://minerstat.com/pools,directory,candidate,2026-04-17,2026-04-17,Official website link extracted from minerstat mining pools directory profile.
uu Pool,uupool.cn,https://uupool.cn/,https://minerstat.com/pools/uu-pool,https://minerstat.com/pools,directory,candidate,2026-04-17,2026-04-17,Official website link extracted from minerstat mining pools directory profile.
VBK Ultra,vbk-ultra.org,https://vbk-ultra.org/,https://minerstat.com/pools/vbk-ultra,https://minerstat.com/pools,directory,candidate,2026-04-17,2026-04-17,Official website link extracted from minerstat mining pools directory profile.
VEOpool,veopool.pw,https://veopool.pw/,https://minerstat.com/pools/veopool,https://minerstat.com/pools,directory,candidate,2026-04-17,2026-04-17,Official website link extracted from minerstat mining pools directory profile.
Verge Mining Pool,mastermining.net,https://mastermining.net/,https://minerstat.com/pools/verge-mining-pool,https://minerstat.com/pools,directory,candidate,2026-04-17,2026-04-17,Official website link extracted from minerstat mining pools directory profile.
ViaBTC,viabtc.com,https://viabtc.com/,https://minerstat.com/pools/viabtc,https://minerstat.com/pools,directory,candidate,2026-04-17,2026-04-17,Official website link extracted from minerstat mining pools directory profile.
Vipor,vipor.net,https://vipor.net/,https://minerstat.com/pools/viport; https://miningpoolstats.stream/alephium,https://minerstat.com/pools,directory,candidate,2026-04-17,2026-04-17,Official website link extracted from minerstat mining pools directory profile.
Volt Mine,volt-mine.com,https://www.volt-mine.com/,https://minerstat.com/pools/volt-mine,https://minerstat.com/pools,directory,candidate,2026-04-17,2026-04-17,Official website link extracted from minerstat mining pools directory profile.
Walemo,walemo.com,https://walemo.com/,https://minerstat.com/pools/walemo,https://minerstat.com/pools,directory,candidate,2026-04-17,2026-04-17,Official website link extracted from minerstat mining pools directory profile.
Wattpool,wattpool.net,https://wattpool.net/,https://minerstat.com/pools/wattpool,https://minerstat.com/pools,directory,candidate,2026-04-17,2026-04-17,Official website link extracted from minerstat mining pools directory profile.
wattpool.net,aqua-solo.wattpool.net,https://aqua-solo.wattpool.net/,https://miningpoolstats.stream/aquachain,https://miningpoolstats.stream/sitemap.xml,directory,candidate,2026-04-17,2026-04-17,Pool website URL extracted from MiningPoolStats data file for aquachain.
wattpool.net,aqua.wattpool.net,https://aqua.wattpool.net/,https://miningpoolstats.stream/aquachain,https://miningpoolstats.stream/sitemap.xml,directory,candidate,2026-04-17,2026-04-17,Pool website URL extracted from MiningPoolStats data file for aquachain.
whalepool.com,whalepool.com,https://whalepool.com/,https://miningpoolstats.stream/aleo; https://miningpoolstats.stream/alephium,https://miningpoolstats.stream/sitemap.xml,directory,candidate,2026-04-17,2026-04-17,Pool website URL extracted from MiningPoolStats data file for aleo.
Whalesburg,whalesburg.com,https://whalesburg.com/,https://minerstat.com/pools/whalesburg,https://minerstat.com/pools,directory,candidate,2026-04-17,2026-04-17,Official website link extracted from minerstat mining pools directory profile.
Wienchain,wienchain.com,https://wienchain.com/,https://minerstat.com/pools/wienchain,https://minerstat.com/pools,directory,candidate,2026-04-17,2026-04-17,Official website link extracted from minerstat mining pools directory profile.
woolypooly.com,woolypooly.com,https://woolypooly.com/,https://miningpoolstats.stream/aeternity; https://miningpoolstats.stream/alephium,https://miningpoolstats.stream/sitemap.xml,directory,candidate,2026-04-17,2026-04-17,Pool website URL extracted from MiningPoolStats data file for aeternity.
Wowne,wowne.ro,https://wowne.ro/,https://minerstat.com/pools/wowne,https://minerstat.com/pools,directory,candidate,2026-04-17,2026-04-17,Official website link extracted from minerstat mining pools directory profile.
XDAG.org,xdag.org,https://xdag.org/,https://minerstat.com/pools/xdag-org,https://minerstat.com/pools,directory,candidate,2026-04-17,2026-04-17,Official website link extracted from minerstat mining pools directory profile.
XDAGMine,info.xdagmine.com,http://info.xdagmine.com/,https://minerstat.com/pools/xdagmine,https://minerstat.com/pools,directory,candidate,2026-04-17,2026-04-17,Official website link extracted from minerstat mining pools directory profile.
XenixPool,xenixpool.com,https://xenixpool.com/,https://minerstat.com/pools/xenixpool,https://minerstat.com/pools,directory,candidate,2026-04-17,2026-04-17,Official website link extracted from minerstat mining pools directory profile.
XMR Pool,xmrpool.eu,https://xmrpool.eu/,https://minerstat.com/pools/xmr-pool,https://minerstat.com/pools,directory,candidate,2026-04-17,2026-04-17,Official website link extracted from minerstat mining pools directory profile.
XMRFast,xmrfast.com,https://xmrfast.com/,https://minerstat.com/pools/xmrfast,https://minerstat.com/pools,directory,candidate,2026-04-17,2026-04-17,Official website link extracted from minerstat mining pools directory profile.
XMRmining,xmrmining.tk,https://xmrmining.tk/,https://minerstat.com/pools/xmrmining,https://minerstat.com/pools,directory,candidate,2026-04-17,2026-04-17,Official website link extracted from minerstat mining pools directory profile.
XMRvsBEAST,xmrvsbeast.com,https://xmrvsbeast.com/,https://minerstat.com/pools/xmrvsbeast,https://minerstat.com/pools,directory,candidate,2026-04-17,2026-04-17,Official website link extracted from minerstat mining pools directory profile.
xnpool,xnpool.cn,https://xnpool.cn/,https://minerstat.com/pools/xnpool,https://minerstat.com/pools,directory,candidate,2026-04-17,2026-04-17,Official website link extracted from minerstat mining pools directory profile.
XPOOL,xpool.pw,https://xpool.pw/,https://minerstat.com/pools/xpool,https://minerstat.com/pools,directory,candidate,2026-04-17,2026-04-17,Official website link extracted from minerstat mining pools directory profile.
XpoolX,xpoolx.com,https://xpoolx.com/,https://minerstat.com/pools/xpoolx,https://minerstat.com/pools,directory,candidate,2026-04-17,2026-04-17,Official website link extracted from minerstat mining pools directory profile.
YatesPool,yatespool.com,https://yatespool.com/,https://minerstat.com/pools/yatespool,https://minerstat.com/pools,directory,candidate,2026-04-17,2026-04-17,Official website link extracted from minerstat mining pools directory profile.
Yunpools,yunpools.com,https://yunpools.com/,https://minerstat.com/pools/yunpools,https://minerstat.com/pools,directory,candidate,2026-04-17,2026-04-17,Official website link extracted from minerstat mining pools directory profile.
Zano Mining Pool,zanopool.com,https://zanopool.com/,https://minerstat.com/pools/zano-mining-pool,https://minerstat.com/pools,directory,candidate,2026-04-17,2026-04-17,Official website link extracted from minerstat mining pools directory profile.
Zergpool,zergpool.com,https://zergpool.com/,https://minerstat.com/pools/zergpool,https://minerstat.com/pools,directory,candidate,2026-04-17,2026-04-17,Official website link extracted from minerstat mining pools directory profile.
Zeropool,zeropool.io,https://zeropool.io/,https://minerstat.com/pools/zeropool,https://minerstat.com/pools,directory,candidate,2026-04-17,2026-04-17,Official website link extracted from minerstat mining pools directory profile.
ZET Mining Pool,zet-tech.eu,https://zet-tech.eu/,https://minerstat.com/pools/zet-mining-pool,https://minerstat.com/pools,directory,candidate,2026-04-17,2026-04-17,Official website link extracted from minerstat mining pools directory profile.
Zhash,zhash.pro,https://zhash.pro/,https://minerstat.com/pools/zhash,https://minerstat.com/pools,directory,candidate,2026-04-17,2026-04-17,Official website link extracted from minerstat mining pools directory profile.
zk.work,zk.work,https://zk.work/,https://miningpoolstats.stream/aleo,https://miningpoolstats.stream/sitemap.xml,directory,candidate,2026-04-17,2026-04-17,Pool website URL extracted from MiningPoolStats data file for aleo.
zpool.ca,zpool.ca,https://zpool.ca/,https://miningpoolstats.stream/5gcash; https://miningpoolstats.stream/actinium; https://miningpoolstats.stream/adventurecoin; https://miningpoolstats.stream/aegisum; https://miningpoolstats.stream/aipowergrid; https://miningpoolstats.stream/alterdot; https://miningpoolstats.stream/animecoin,https://miningpoolstats.stream/sitemap.xml,directory,candidate,2026-04-17,2026-04-17,Pool website URL extracted from MiningPoolStats data file for 5gcash.
Zsolo,zsolo.bid,https://zsolo.bid/,https://minerstat.com/pools/zsolo,https://minerstat.com/pools,directory,candidate,2026-04-17,2026-04-17,Official website link extracted from minerstat mining pools directory profile.
